T,IV_ATM,w_ATM
0.25,0.199999,0.00999990000025
0.5,0.22,0.0242
1.0,0.26,0.06760000000000001
2.0,0.34,0.23120000000000004
